Model,Accuracy,Precision,Recall,F1 Score,ROC-AUC
Logistic Regression,0.7338537970191625,0.49915397631133673,0.7887700534759359,0.6113989637305699,0.8408509648918855
Random Forest,0.7672107877927609,0.543233082706767,0.7727272727272727,0.6379690949227373,0.8450360381306673
XGBoost,0.7402413058907026,0.5068259385665529,0.7941176470588235,0.61875,0.8440272288098375
